{"cameraMode":{"drawMode":0,"name":"Shaded","section":"Shading Mode"},"sceneLighting":false,"audioPlay":false,"sceneViewState":{"showFog":true,"showMaterialUpdate":false,"showSkybox":true,"showFlares":true,"showImageEffects":true,"showParticleSystems":true},"in2DMode":false,"pivot":{"x":8.326499938964844,"y":10.171501159667969,"z":2.0865001678466799},"rotation":{"x":0.23595033586025239,"y":0.1177273839712143,"z":-0.02880972996354103,"w":0.9641772508621216},"size":73.18852233886719,"orthographic":true}