{"cameraMode":{"drawMode":0,"name":"Shaded","section":"Shading Mode"},"sceneLighting":false,"audioPlay":false,"sceneViewState":{"showFog":true,"showMaterialUpdate":false,"showSkybox":true,"showFlares":true,"showImageEffects":true,"showParticleSystems":true},"in2DMode":false,"pivot":{"x":2.1306796073913576,"y":3.9814257621765138,"z":-1.7705869674682618},"rotation":{"x":0.20785963535308839,"y":-0.010270469821989537,"z":0.002182611497119069,"w":0.9781023263931274},"size":15.919879913330079,"orthographic":false}