{"cameraMode":{"drawMode":0,"name":"Shaded","section":"Shading Mode"},"sceneLighting":false,"audioPlay":false,"sceneViewState":{"showFog":true,"showMaterialUpdate":false,"showSkybox":true,"showFlares":true,"showImageEffects":true,"showParticleSystems":true},"in2DMode":false,"pivot":{"x":-1.9396859407424927,"y":0.9656676054000855,"z":-0.39729762077331545},"rotation":{"x":0.15285786986351014,"y":-0.17685557901859284,"z":0.02781548909842968,"w":0.9718965291976929},"size":4.115352630615234,"orthographic":false}